#threads,exec_time,speedup
1S,0.463047,1
1,0.467407,.990671
2,0.262165,1.766242
3,0.255846,1.809866
4,0.237748,1.947637
