#threads,exec_time,speedup
1S,4.076524,1
1,4.074942,1.000388
2,2.307523,1.766623
3,2.019306,2.018774
4,1.977936,2.060998
