#threads,exec_time,speedup
1S,0.041281,1
1,0.042148,.979429
2,0.036430,1.133159
3,0.022017,1.874960
4,0.021802,1.893450
