#threads,exec_time,speedup
1S,7.175699,1
1,6.839969,1.049083
2,3.860353,1.858819
3,3.607929,1.988869
4,3.223825,2.225833
