#threads,exec_time,speedup
1S,0.033112,1
1,0.032542,1.017515
2,0.020483,1.616560
3,0.019007,1.742095
4,0.019968,1.658253
