#threads,exec_time,speedup
1S,0.013742,1
1,0.014124,.972953
2,0.012319,1.115512
3,0.008950,1.535418
4,0.007794,1.763151
