#threads,exec_time,speedup
1S,0.237100,1
1,0.227233,1.043422
2,0.140397,1.688782
3,0.130949,1.810628
4,0.111063,2.134824
