#threads,exec_time,speedup
1S,0.015905,1
1,0.017060,.932297
2,0.011006,1.445120
3,0.012301,1.292984
4,0.010393,1.530356
