#threads,exec_time,speedup
1S,0.839871,1
1,0.838021,1.002207
2,0.438451,1.915541
3,0.380633,2.206511
4,0.365941,2.295099
