#threads,exec_time,speedup
1S,0.023332,1
1,0.025426,.917643
2,0.014187,1.644604
3,0.013207,1.766638
4,0.012631,1.847201
