#threads,exec_time,speedup
1S,0.057014,1
1,0.059793,.953522
2,0.034880,1.634575
3,0.034231,1.665566
4,0.032161,1.772768
